truck_id,tare_weight_kg,operator_code,fuel_type
MH-46-TRK-0001,4017,GATEWAY_LOG,DIESEL
MH-46-TRK-0002,4034,CONTRANS,DIESEL
MH-46-TRK-0003,4051,GATEWAY_LOG,CNG
MH-46-TRK-0004,4068,CONTRANS,DIESEL
MH-46-TRK-0005,4085,GATEWAY_LOG,DIESEL
MH-46-TRK-0006,4102,CONTRANS,CNG
MH-46-TRK-0007,4119,GATEWAY_LOG,DIESEL
MH-46-TRK-0008,4136,CONTRANS,DIESEL
MH-46-TRK-0009,4153,GATEWAY_LOG,CNG
MH-46-TRK-0010,4170,CONTRANS,DIESEL
MH-46-TRK-0011,4187,GATEWAY_LOG,DIESEL
MH-46-TRK-0012,4204,CONTRANS,CNG
MH-46-TRK-0013,4221,GATEWAY_LOG,DIESEL
MH-46-TRK-0014,4238,CONTRANS,DIESEL
MH-46-TRK-0015,4255,GATEWAY_LOG,CNG
MH-46-TRK-0016,4272,CONTRANS,DIESEL
MH-46-TRK-0017,4289,GATEWAY_LOG,DIESEL
MH-46-TRK-0018,4306,CONTRANS,CNG
MH-46-TRK-0019,4323,GATEWAY_LOG,DIESEL
MH-46-TRK-0020,4340,CONTRANS,DIESEL
MH-46-TRK-0021,4357,GATEWAY_LOG,CNG
MH-46-TRK-0022,4374,CONTRANS,DIESEL
MH-46-TRK-0023,4391,GATEWAY_LOG,DIESEL
MH-46-TRK-0024,4408,CONTRANS,CNG
MH-46-TRK-0025,4425,GATEWAY_LOG,DIESEL
MH-46-TRK-0026,4442,CONTRANS,DIESEL
MH-46-TRK-0027,4459,GATEWAY_LOG,CNG
MH-46-TRK-0028,4476,CONTRANS,DIESEL
MH-46-TRK-0029,4493,GATEWAY_LOG,DIESEL
MH-46-TRK-0030,4510,CONTRANS,CNG
MH-46-TRK-0031,4527,GATEWAY_LOG,DIESEL
MH-46-TRK-0032,4544,CONTRANS,DIESEL
MH-46-TRK-0033,4561,GATEWAY_LOG,CNG
MH-46-TRK-0034,4578,CONTRANS,DIESEL
MH-46-TRK-0035,4595,GATEWAY_LOG,DIESEL
MH-46-TRK-0036,4612,CONTRANS,CNG
MH-46-TRK-0037,4629,GATEWAY_LOG,DIESEL
MH-46-TRK-0038,4646,CONTRANS,DIESEL
MH-46-TRK-0039,4663,GATEWAY_LOG,CNG
MH-46-TRK-0040,4680,CONTRANS,DIESEL
MH-46-TRK-0041,4697,GATEWAY_LOG,DIESEL
MH-46-TRK-0042,4714,CONTRANS,CNG
MH-46-TRK-0043,4731,GATEWAY_LOG,DIESEL
MH-46-TRK-0044,4748,CONTRANS,DIESEL
MH-46-TRK-0045,4765,GATEWAY_LOG,CNG
MH-46-TRK-0046,4782,CONTRANS,DIESEL
MH-46-TRK-0047,4799,GATEWAY_LOG,DIESEL
MH-46-TRK-0048,4816,CONTRANS,CNG
MH-46-TRK-0049,4833,GATEWAY_LOG,DIESEL
MH-46-TRK-0050,4850,CONTRANS,DIESEL
MH-46-TRK-0051,4867,GATEWAY_LOG,CNG
MH-46-TRK-0052,4884,CONTRANS,DIESEL
MH-46-TRK-0053,4901,GATEWAY_LOG,DIESEL
MH-46-TRK-0054,4918,CONTRANS,CNG
MH-46-TRK-0055,4935,GATEWAY_LOG,DIESEL
MH-46-TRK-0056,4952,CONTRANS,DIESEL
MH-46-TRK-0057,4969,GATEWAY_LOG,CNG
MH-46-TRK-0058,4986,CONTRANS,DIESEL
MH-46-TRK-0059,4003,GATEWAY_LOG,DIESEL
MH-46-TRK-0060,4020,CONTRANS,CNG
MH-46-TRK-0061,4037,GATEWAY_LOG,DIESEL
MH-46-TRK-0062,4054,CONTRANS,DIESEL
MH-46-TRK-0063,4071,GATEWAY_LOG,CNG
MH-46-TRK-0064,4088,CONTRANS,DIESEL
MH-46-TRK-0065,4105,GATEWAY_LOG,DIESEL
MH-46-TRK-0066,4122,CONTRANS,CNG
MH-46-TRK-0067,4139,GATEWAY_LOG,DIESEL
MH-46-TRK-0068,4156,CONTRANS,DIESEL
MH-46-TRK-0069,4173,GATEWAY_LOG,CNG
MH-46-TRK-0070,4190,CONTRANS,DIESEL
MH-46-TRK-0071,4207,GATEWAY_LOG,DIESEL
MH-46-TRK-0072,4224,CONTRANS,CNG
MH-46-TRK-0073,4241,GATEWAY_LOG,DIESEL
MH-46-TRK-0074,4258,CONTRANS,DIESEL
MH-46-TRK-0075,4275,GATEWAY_LOG,CNG
MH-46-TRK-0076,4292,CONTRANS,DIESEL
MH-46-TRK-0077,4309,GATEWAY_LOG,DIESEL
MH-46-TRK-0078,4326,CONTRANS,CNG
MH-46-TRK-0079,4343,GATEWAY_LOG,DIESEL
MH-46-TRK-0080,4360,CONTRANS,DIESEL
MH-46-TRK-0081,4377,GATEWAY_LOG,CNG
MH-46-TRK-0082,4394,CONTRANS,DIESEL
MH-46-TRK-0083,4411,GATEWAY_LOG,DIESEL
MH-46-TRK-0084,4428,CONTRANS,CNG
MH-46-TRK-0085,4445,GATEWAY_LOG,DIESEL
MH-46-TRK-0086,4462,CONTRANS,DIESEL
MH-46-TRK-0087,4479,GATEWAY_LOG,CNG
MH-46-TRK-0088,4496,CONTRANS,DIESEL
MH-46-TRK-0089,4513,GATEWAY_LOG,DIESEL
MH-46-TRK-0090,4530,CONTRANS,CNG
MH-46-TRK-0091,4547,GATEWAY_LOG,DIESEL
MH-46-TRK-0092,4564,CONTRANS,DIESEL
MH-46-TRK-0093,4581,GATEWAY_LOG,CNG
MH-46-TRK-0094,4598,CONTRANS,DIESEL
MH-46-TRK-0095,4615,GATEWAY_LOG,DIESEL
MH-46-TRK-0096,4632,CONTRANS,CNG
MH-46-TRK-0097,4649,GATEWAY_LOG,DIESEL
MH-46-TRK-0098,4666,CONTRANS,DIESEL
MH-46-TRK-0099,4683,GATEWAY_LOG,CNG
MH-46-TRK-0100,4700,CONTRANS,DIESEL
MH-46-TRK-0101,4717,GATEWAY_LOG,DIESEL
MH-46-TRK-0102,4734,CONTRANS,CNG
MH-46-TRK-0103,4751,GATEWAY_LOG,DIESEL
MH-46-TRK-0104,4768,CONTRANS,DIESEL
MH-46-TRK-0105,4785,GATEWAY_LOG,CNG
MH-46-TRK-0106,4802,CONTRANS,DIESEL
MH-46-TRK-0107,4819,GATEWAY_LOG,DIESEL
MH-46-TRK-0108,4836,CONTRANS,CNG
MH-46-TRK-0109,4853,GATEWAY_LOG,DIESEL
MH-46-TRK-0110,4870,CONTRANS,DIESEL
MH-46-TRK-0111,4887,GATEWAY_LOG,CNG
MH-46-TRK-0112,4904,CONTRANS,DIESEL
MH-46-TRK-0113,4921,GATEWAY_LOG,DIESEL
MH-46-TRK-0114,4938,CONTRANS,CNG
MH-46-TRK-0115,4955,GATEWAY_LOG,DIESEL
MH-46-TRK-0116,4972,CONTRANS,DIESEL
MH-46-TRK-0117,4989,GATEWAY_LOG,CNG
MH-46-TRK-0118,4006,CONTRANS,DIESEL
MH-46-TRK-0119,4023,GATEWAY_LOG,DIESEL
MH-46-TRK-0120,4040,CONTRANS,CNG
MH-46-TRK-0121,4057,GATEWAY_LOG,DIESEL
MH-46-TRK-0122,4074,CONTRANS,DIESEL
MH-46-TRK-0123,4091,GATEWAY_LOG,CNG
MH-46-TRK-0124,4108,CONTRANS,DIESEL
MH-46-TRK-0125,4125,GATEWAY_LOG,DIESEL
MH-46-TRK-0126,4142,CONTRANS,CNG
MH-46-TRK-0127,4159,GATEWAY_LOG,DIESEL
MH-46-TRK-0128,4176,CONTRANS,DIESEL
MH-46-TRK-0129,4193,GATEWAY_LOG,CNG
MH-46-TRK-0130,4210,CONTRANS,DIESEL
MH-46-TRK-0131,4227,GATEWAY_LOG,DIESEL
MH-46-TRK-0132,4244,CONTRANS,CNG
MH-46-TRK-0133,4261,GATEWAY_LOG,DIESEL
MH-46-TRK-0134,4278,CONTRANS,DIESEL
MH-46-TRK-0135,4295,GATEWAY_LOG,CNG
MH-46-TRK-0136,4312,CONTRANS,DIESEL
MH-46-TRK-0137,4329,GATEWAY_LOG,DIESEL
MH-46-TRK-0138,4346,CONTRANS,CNG
MH-46-TRK-0139,4363,GATEWAY_LOG,DIESEL
MH-46-TRK-0140,4380,CONTRANS,DIESEL
MH-46-TRK-0141,4397,GATEWAY_LOG,CNG
MH-46-TRK-0142,4414,CONTRANS,DIESEL
MH-46-TRK-0143,4431,GATEWAY_LOG,DIESEL
MH-46-TRK-0144,4448,CONTRANS,CNG
MH-46-TRK-0145,4465,GATEWAY_LOG,DIESEL
MH-46-TRK-0146,4482,CONTRANS,DIESEL
MH-46-TRK-0147,4499,GATEWAY_LOG,CNG
MH-46-TRK-0148,4516,CONTRANS,DIESEL
MH-46-TRK-0149,4533,GATEWAY_LOG,DIESEL
MH-46-TRK-0150,4550,CONTRANS,CNG
MH-46-TRK-0151,4567,GATEWAY_LOG,DIESEL
MH-46-TRK-0152,4584,CONTRANS,DIESEL
MH-46-TRK-0153,4601,GATEWAY_LOG,CNG
MH-46-TRK-0154,4618,CONTRANS,DIESEL
MH-46-TRK-0155,4635,GATEWAY_LOG,DIESEL
MH-46-TRK-0156,4652,CONTRANS,CNG
MH-46-TRK-0157,4669,GATEWAY_LOG,DIESEL
MH-46-TRK-0158,4686,CONTRANS,DIESEL
MH-46-TRK-0159,4703,GATEWAY_LOG,CNG
MH-46-TRK-0160,4720,CONTRANS,DIESEL
MH-46-TRK-0161,4737,GATEWAY_LOG,DIESEL
MH-46-TRK-0162,4754,CONTRANS,CNG
MH-46-TRK-0163,4771,GATEWAY_LOG,DIESEL
MH-46-TRK-0164,4788,CONTRANS,DIESEL
MH-46-TRK-0165,4805,GATEWAY_LOG,CNG
MH-46-TRK-0166,4822,CONTRANS,DIESEL
MH-46-TRK-0167,4839,GATEWAY_LOG,DIESEL
MH-46-TRK-0168,4856,CONTRANS,CNG
MH-46-TRK-0169,4873,GATEWAY_LOG,DIESEL
MH-46-TRK-0170,4890,CONTRANS,DIESEL
MH-46-TRK-0171,4907,GATEWAY_LOG,CNG
MH-46-TRK-0172,4924,CONTRANS,DIESEL
MH-46-TRK-0173,4941,GATEWAY_LOG,DIESEL
MH-46-TRK-0174,4958,CONTRANS,CNG
MH-46-TRK-0175,4975,GATEWAY_LOG,DIESEL
MH-46-TRK-0176,4992,CONTRANS,DIESEL
MH-46-TRK-0177,4009,GATEWAY_LOG,CNG
MH-46-TRK-0178,4026,CONTRANS,DIESEL
MH-46-TRK-0179,4043,GATEWAY_LOG,DIESEL
MH-46-TRK-0180,4060,CONTRANS,CNG
MH-46-TRK-0181,4077,GATEWAY_LOG,DIESEL
MH-46-TRK-0182,4094,CONTRANS,DIESEL
MH-46-TRK-0183,4111,GATEWAY_LOG,CNG
MH-46-TRK-0184,4128,CONTRANS,DIESEL
MH-46-TRK-0185,4145,GATEWAY_LOG,DIESEL
MH-46-TRK-0186,4162,CONTRANS,CNG
MH-46-TRK-0187,4179,GATEWAY_LOG,DIESEL
MH-46-TRK-0188,4196,CONTRANS,DIESEL
MH-46-TRK-0189,4213,GATEWAY_LOG,CNG
MH-46-TRK-0190,4230,CONTRANS,DIESEL
MH-46-TRK-0191,4247,GATEWAY_LOG,DIESEL
MH-46-TRK-0192,4264,CONTRANS,CNG
MH-46-TRK-0193,4281,GATEWAY_LOG,DIESEL
MH-46-TRK-0194,4298,CONTRANS,DIESEL
MH-46-TRK-0195,4315,GATEWAY_LOG,CNG
MH-46-TRK-0196,4332,CONTRANS,DIESEL
MH-46-TRK-0197,4349,GATEWAY_LOG,DIESEL
MH-46-TRK-0198,4366,CONTRANS,CNG
MH-46-TRK-0199,4383,GATEWAY_LOG,DIESEL
MH-46-TRK-0200,4400,CONTRANS,DIESEL
MH-46-TRK-0201,4417,GATEWAY_LOG,CNG
MH-46-TRK-0202,4434,CONTRANS,DIESEL
MH-46-TRK-0203,4451,GATEWAY_LOG,DIESEL
MH-46-TRK-0204,4468,CONTRANS,CNG
MH-46-TRK-0205,4485,GATEWAY_LOG,DIESEL
MH-46-TRK-0206,4502,CONTRANS,DIESEL
MH-46-TRK-0207,4519,GATEWAY_LOG,CNG
MH-46-TRK-0208,4536,CONTRANS,DIESEL
MH-46-TRK-0209,4553,GATEWAY_LOG,DIESEL
MH-46-TRK-0210,4570,CONTRANS,CNG
MH-46-TRK-0211,4587,GATEWAY_LOG,DIESEL
MH-46-TRK-0212,4604,CONTRANS,DIESEL
MH-46-TRK-0213,4621,GATEWAY_LOG,CNG
MH-46-TRK-0214,4638,CONTRANS,DIESEL
MH-46-TRK-0215,4655,GATEWAY_LOG,DIESEL
MH-46-TRK-0216,4672,CONTRANS,CNG
MH-46-TRK-0217,4689,GATEWAY_LOG,DIESEL
MH-46-TRK-0218,4706,CONTRANS,DIESEL
MH-46-TRK-0219,4723,GATEWAY_LOG,CNG
MH-46-TRK-0220,4740,CONTRANS,DIESEL
MH-46-TRK-0221,4757,GATEWAY_LOG,DIESEL
MH-46-TRK-0222,4774,CONTRANS,CNG
MH-46-TRK-0223,4791,GATEWAY_LOG,DIESEL
MH-46-TRK-0224,4808,CONTRANS,DIESEL
MH-46-TRK-0225,4825,GATEWAY_LOG,CNG
MH-46-TRK-0226,4842,CONTRANS,DIESEL
MH-46-TRK-0227,4859,GATEWAY_LOG,DIESEL
MH-46-TRK-0228,4876,CONTRANS,CNG
MH-46-TRK-0229,4893,GATEWAY_LOG,DIESEL
MH-46-TRK-0230,4910,CONTRANS,DIESEL
MH-46-TRK-0231,4927,GATEWAY_LOG,CNG
MH-46-TRK-0232,4944,CONTRANS,DIESEL
MH-46-TRK-0233,4961,GATEWAY_LOG,DIESEL
MH-46-TRK-0234,4978,CONTRANS,CNG
MH-46-TRK-0235,4995,GATEWAY_LOG,DIESEL
MH-46-TRK-0236,4012,CONTRANS,DIESEL
MH-46-TRK-0237,4029,GATEWAY_LOG,CNG
MH-46-TRK-0238,4046,CONTRANS,DIESEL
MH-46-TRK-0239,4063,GATEWAY_LOG,DIESEL
MH-46-TRK-0240,4080,CONTRANS,CNG
MH-46-TRK-0241,4097,GATEWAY_LOG,DIESEL
MH-46-TRK-0242,4114,CONTRANS,DIESEL
MH-46-TRK-0243,4131,GATEWAY_LOG,CNG
MH-46-TRK-0244,4148,CONTRANS,DIESEL
MH-46-TRK-0245,4165,GATEWAY_LOG,DIESEL
MH-46-TRK-0246,4182,CONTRANS,CNG
MH-46-TRK-0247,4199,GATEWAY_LOG,DIESEL
MH-46-TRK-0248,4216,CONTRANS,DIESEL
MH-46-TRK-0249,4233,GATEWAY_LOG,CNG
MH-46-TRK-0250,4250,CONTRANS,DIESEL
MH-46-TRK-0251,4267,GATEWAY_LOG,DIESEL
MH-46-TRK-0252,4284,CONTRANS,CNG
MH-46-TRK-0253,4301,GATEWAY_LOG,DIESEL
MH-46-TRK-0254,4318,CONTRANS,DIESEL
MH-46-TRK-0255,4335,GATEWAY_LOG,CNG
MH-46-TRK-0256,4352,CONTRANS,DIESEL
MH-46-TRK-0257,4369,GATEWAY_LOG,DIESEL
MH-46-TRK-0258,4386,CONTRANS,CNG
MH-46-TRK-0259,4403,GATEWAY_LOG,DIESEL
MH-46-TRK-0260,4420,CONTRANS,DIESEL
MH-46-TRK-0261,4437,GATEWAY_LOG,CNG
MH-46-TRK-0262,4454,CONTRANS,DIESEL
MH-46-TRK-0263,4471,GATEWAY_LOG,DIESEL
MH-46-TRK-0264,4488,CONTRANS,CNG
MH-46-TRK-0265,4505,GATEWAY_LOG,DIESEL
MH-46-TRK-0266,4522,CONTRANS,DIESEL
MH-46-TRK-0267,4539,GATEWAY_LOG,CNG
MH-46-TRK-0268,4556,CONTRANS,DIESEL
MH-46-TRK-0269,4573,GATEWAY_LOG,DIESEL
MH-46-TRK-0270,4590,CONTRANS,CNG
MH-46-TRK-0271,4607,GATEWAY_LOG,DIESEL
MH-46-TRK-0272,4624,CONTRANS,DIESEL
MH-46-TRK-0273,4641,GATEWAY_LOG,CNG
MH-46-TRK-0274,4658,CONTRANS,DIESEL
MH-46-TRK-0275,4675,GATEWAY_LOG,DIESEL
MH-46-TRK-0276,4692,CONTRANS,CNG
MH-46-TRK-0277,4709,GATEWAY_LOG,DIESEL
MH-46-TRK-0278,4726,CONTRANS,DIESEL
MH-46-TRK-0279,4743,GATEWAY_LOG,CNG
MH-46-TRK-0280,4760,CONTRANS,DIESEL
MH-46-TRK-0281,4777,GATEWAY_LOG,DIESEL
MH-46-TRK-0282,4794,CONTRANS,CNG
MH-46-TRK-0283,4811,GATEWAY_LOG,DIESEL
MH-46-TRK-0284,4828,CONTRANS,DIESEL
MH-46-TRK-0285,4845,GATEWAY_LOG,CNG
MH-46-TRK-0286,4862,CONTRANS,DIESEL
MH-46-TRK-0287,4879,GATEWAY_LOG,DIESEL
MH-46-TRK-0288,4896,CONTRANS,CNG
MH-46-TRK-0289,4913,GATEWAY_LOG,DIESEL
MH-46-TRK-0290,4930,CONTRANS,DIESEL
MH-46-TRK-0291,4947,GATEWAY_LOG,CNG
MH-46-TRK-0292,4964,CONTRANS,DIESEL
MH-46-TRK-0293,4981,GATEWAY_LOG,DIESEL
MH-46-TRK-0294,4998,CONTRANS,CNG
MH-46-TRK-0295,4015,GATEWAY_LOG,DIESEL
MH-46-TRK-0296,4032,CONTRANS,DIESEL
MH-46-TRK-0297,4049,GATEWAY_LOG,CNG
MH-46-TRK-0298,4066,CONTRANS,DIESEL
MH-46-TRK-0299,4083,GATEWAY_LOG,DIESEL
MH-46-TRK-0300,4100,CONTRANS,CNG
MH-46-TRK-0301,4117,GATEWAY_LOG,DIESEL
MH-46-TRK-0302,4134,CONTRANS,DIESEL
MH-46-TRK-0303,4151,GATEWAY_LOG,CNG
MH-46-TRK-0304,4168,CONTRANS,DIESEL
MH-46-TRK-0305,4185,GATEWAY_LOG,DIESEL
MH-46-TRK-0306,4202,CONTRANS,CNG
MH-46-TRK-0307,4219,GATEWAY_LOG,DIESEL
MH-46-TRK-0308,4236,CONTRANS,DIESEL
MH-46-TRK-0309,4253,GATEWAY_LOG,CNG
MH-46-TRK-0310,4270,CONTRANS,DIESEL
MH-46-TRK-0311,4287,GATEWAY_LOG,DIESEL
MH-46-TRK-0312,4304,CONTRANS,CNG
MH-46-TRK-0313,4321,GATEWAY_LOG,DIESEL
MH-46-TRK-0314,4338,CONTRANS,DIESEL
MH-46-TRK-0315,4355,GATEWAY_LOG,CNG
MH-46-TRK-0316,4372,CONTRANS,DIESEL
MH-46-TRK-0317,4389,GATEWAY_LOG,DIESEL
MH-46-TRK-0318,4406,CONTRANS,CNG
MH-46-TRK-0319,4423,GATEWAY_LOG,DIESEL
MH-46-TRK-0320,4440,CONTRANS,DIESEL
MH-46-TRK-0321,4457,GATEWAY_LOG,CNG
MH-46-TRK-0322,4474,CONTRANS,DIESEL
MH-46-TRK-0323,4491,GATEWAY_LOG,DIESEL
MH-46-TRK-0324,4508,CONTRANS,CNG
MH-46-TRK-0325,4525,GATEWAY_LOG,DIESEL
MH-46-TRK-0326,4542,CONTRANS,DIESEL
MH-46-TRK-0327,4559,GATEWAY_LOG,CNG
MH-46-TRK-0328,4576,CONTRANS,DIESEL
MH-46-TRK-0329,4593,GATEWAY_LOG,DIESEL
MH-46-TRK-0330,4610,CONTRANS,CNG
MH-46-TRK-0331,4627,GATEWAY_LOG,DIESEL
MH-46-TRK-0332,4644,CONTRANS,DIESEL
MH-46-TRK-0333,4661,GATEWAY_LOG,CNG
MH-46-TRK-0334,4678,CONTRANS,DIESEL
MH-46-TRK-0335,4695,GATEWAY_LOG,DIESEL
MH-46-TRK-0336,4712,CONTRANS,CNG
MH-46-TRK-0337,4729,GATEWAY_LOG,DIESEL
MH-46-TRK-0338,4746,CONTRANS,DIESEL
MH-46-TRK-0339,4763,GATEWAY_LOG,CNG
MH-46-TRK-0340,4780,CONTRANS,DIESEL
MH-46-TRK-0341,4797,GATEWAY_LOG,DIESEL
MH-46-TRK-0342,4814,CONTRANS,CNG
MH-46-TRK-0343,4831,GATEWAY_LOG,DIESEL
MH-46-TRK-0344,4848,CONTRANS,DIESEL
MH-46-TRK-0345,4865,GATEWAY_LOG,CNG
MH-46-TRK-0346,4882,CONTRANS,DIESEL
MH-46-TRK-0347,4899,GATEWAY_LOG,DIESEL
MH-46-TRK-0348,4916,CONTRANS,CNG
MH-46-TRK-0349,4933,GATEWAY_LOG,DIESEL
MH-46-TRK-0350,4950,CONTRANS,DIESEL
MH-46-TRK-0351,4967,GATEWAY_LOG,CNG
MH-46-TRK-0352,4984,CONTRANS,DIESEL
MH-46-TRK-0353,4001,GATEWAY_LOG,DIESEL
MH-46-TRK-0354,4018,CONTRANS,CNG
MH-46-TRK-0355,4035,GATEWAY_LOG,DIESEL
MH-46-TRK-0356,4052,CONTRANS,DIESEL
MH-46-TRK-0357,4069,GATEWAY_LOG,CNG
MH-46-TRK-0358,4086,CONTRANS,DIESEL
MH-46-TRK-0359,4103,GATEWAY_LOG,DIESEL
MH-46-TRK-0360,4120,CONTRANS,CNG
MH-46-TRK-0361,4137,GATEWAY_LOG,DIESEL
MH-46-TRK-0362,4154,CONTRANS,DIESEL
MH-46-TRK-0363,4171,GATEWAY_LOG,CNG
MH-46-TRK-0364,4188,CONTRANS,DIESEL
MH-46-TRK-0365,4205,GATEWAY_LOG,DIESEL
MH-46-TRK-0366,4222,CONTRANS,CNG
MH-46-TRK-0367,4239,GATEWAY_LOG,DIESEL
MH-46-TRK-0368,4256,CONTRANS,DIESEL
MH-46-TRK-0369,4273,GATEWAY_LOG,CNG
MH-46-TRK-0370,4290,CONTRANS,DIESEL
MH-46-TRK-0371,4307,GATEWAY_LOG,DIESEL
MH-46-TRK-0372,4324,CONTRANS,CNG
MH-46-TRK-0373,4341,GATEWAY_LOG,DIESEL
MH-46-TRK-0374,4358,CONTRANS,DIESEL
MH-46-TRK-0375,4375,GATEWAY_LOG,CNG
MH-46-TRK-0376,4392,CONTRANS,DIESEL
MH-46-TRK-0377,4409,GATEWAY_LOG,DIESEL
MH-46-TRK-0378,4426,CONTRANS,CNG
MH-46-TRK-0379,4443,GATEWAY_LOG,DIESEL
MH-46-TRK-0380,4460,CONTRANS,DIESEL
MH-46-TRK-0381,4477,GATEWAY_LOG,CNG
MH-46-TRK-0382,4494,CONTRANS,DIESEL
MH-46-TRK-0383,4511,GATEWAY_LOG,DIESEL
MH-46-TRK-0384,4528,CONTRANS,CNG
MH-46-TRK-0385,4545,GATEWAY_LOG,DIESEL
MH-46-TRK-0386,4562,CONTRANS,DIESEL
MH-46-TRK-0387,4579,GATEWAY_LOG,CNG
MH-46-TRK-0388,4596,CONTRANS,DIESEL
MH-46-TRK-0389,4613,GATEWAY_LOG,DIESEL
MH-46-TRK-0390,4630,CONTRANS,CNG
MH-46-TRK-0391,4647,GATEWAY_LOG,DIESEL
MH-46-TRK-0392,4664,CONTRANS,DIESEL
MH-46-TRK-0393,4681,GATEWAY_LOG,CNG
MH-46-TRK-0394,4698,CONTRANS,DIESEL
MH-46-TRK-0395,4715,GATEWAY_LOG,DIESEL
MH-46-TRK-0396,4732,CONTRANS,CNG
MH-46-TRK-0397,4749,GATEWAY_LOG,DIESEL
MH-46-TRK-0398,4766,CONTRANS,DIESEL
MH-46-TRK-0399,4783,GATEWAY_LOG,CNG
MH-46-TRK-0400,4800,CONTRANS,DIESEL
MH-46-TRK-0401,4817,GATEWAY_LOG,DIESEL
MH-46-TRK-0402,4834,CONTRANS,CNG
MH-46-TRK-0403,4851,GATEWAY_LOG,DIESEL
MH-46-TRK-0404,4868,CONTRANS,DIESEL
MH-46-TRK-0405,4885,GATEWAY_LOG,CNG
MH-46-TRK-0406,4902,CONTRANS,DIESEL
MH-46-TRK-0407,4919,GATEWAY_LOG,DIESEL
MH-46-TRK-0408,4936,CONTRANS,CNG
MH-46-TRK-0409,4953,GATEWAY_LOG,DIESEL
MH-46-TRK-0410,4970,CONTRANS,DIESEL
MH-46-TRK-0411,4987,GATEWAY_LOG,CNG
MH-46-TRK-0412,4004,CONTRANS,DIESEL
MH-46-TRK-0413,4021,GATEWAY_LOG,DIESEL
MH-46-TRK-0414,4038,CONTRANS,CNG
MH-46-TRK-0415,4055,GATEWAY_LOG,DIESEL
MH-46-TRK-0416,4072,CONTRANS,DIESEL
MH-46-TRK-0417,4089,GATEWAY_LOG,CNG
MH-46-TRK-0418,4106,CONTRANS,DIESEL
MH-46-TRK-0419,4123,GATEWAY_LOG,DIESEL
MH-46-TRK-0420,4140,CONTRANS,CNG
MH-46-TRK-0421,4157,GATEWAY_LOG,DIESEL
MH-46-TRK-0422,4174,CONTRANS,DIESEL
MH-46-TRK-0423,4191,GATEWAY_LOG,CNG
MH-46-TRK-0424,4208,CONTRANS,DIESEL
MH-46-TRK-0425,4225,GATEWAY_LOG,DIESEL
MH-46-TRK-0426,4242,CONTRANS,CNG
MH-46-TRK-0427,4259,GATEWAY_LOG,DIESEL
MH-46-TRK-0428,4276,CONTRANS,DIESEL
MH-46-TRK-0429,4293,GATEWAY_LOG,CNG
MH-46-TRK-0430,4310,CONTRANS,DIESEL
MH-46-TRK-0431,4327,GATEWAY_LOG,DIESEL
MH-46-TRK-0432,4344,CONTRANS,CNG
MH-46-TRK-0433,4361,GATEWAY_LOG,DIESEL
MH-46-TRK-0434,4378,CONTRANS,DIESEL
MH-46-TRK-0435,4395,GATEWAY_LOG,CNG
MH-46-TRK-0436,4412,CONTRANS,DIESEL
MH-46-TRK-0437,4429,GATEWAY_LOG,DIESEL
MH-46-TRK-0438,4446,CONTRANS,CNG
MH-46-TRK-0439,4463,GATEWAY_LOG,DIESEL
MH-46-TRK-0440,4480,CONTRANS,DIESEL
MH-46-TRK-0441,4497,GATEWAY_LOG,CNG
MH-46-TRK-0442,4514,CONTRANS,DIESEL
MH-46-TRK-0443,4531,GATEWAY_LOG,DIESEL
MH-46-TRK-0444,4548,CONTRANS,CNG
MH-46-TRK-0445,4565,GATEWAY_LOG,DIESEL
MH-46-TRK-0446,4582,CONTRANS,DIESEL
MH-46-TRK-0447,4599,GATEWAY_LOG,CNG
MH-46-TRK-0448,4616,CONTRANS,DIESEL
MH-46-TRK-0449,4633,GATEWAY_LOG,DIESEL
MH-46-TRK-0450,4650,CONTRANS,CNG
MH-46-TRK-0451,4667,GATEWAY_LOG,DIESEL
MH-46-TRK-0452,4684,CONTRANS,DIESEL
MH-46-TRK-0453,4701,GATEWAY_LOG,CNG
MH-46-TRK-0454,4718,CONTRANS,DIESEL
MH-46-TRK-0455,4735,GATEWAY_LOG,DIESEL
MH-46-TRK-0456,4752,CONTRANS,CNG
MH-46-TRK-0457,4769,GATEWAY_LOG,DIESEL
MH-46-TRK-0458,4786,CONTRANS,DIESEL
MH-46-TRK-0459,4803,GATEWAY_LOG,CNG
MH-46-TRK-0460,4820,CONTRANS,DIESEL
MH-46-TRK-0461,4837,GATEWAY_LOG,DIESEL
MH-46-TRK-0462,4854,CONTRANS,CNG
MH-46-TRK-0463,4871,GATEWAY_LOG,DIESEL
MH-46-TRK-0464,4888,CONTRANS,DIESEL
MH-46-TRK-0465,4905,GATEWAY_LOG,CNG
MH-46-TRK-0466,4922,CONTRANS,DIESEL
MH-46-TRK-0467,4939,GATEWAY_LOG,DIESEL
MH-46-TRK-0468,4956,CONTRANS,CNG
MH-46-TRK-0469,4973,GATEWAY_LOG,DIESEL
MH-46-TRK-0470,4990,CONTRANS,DIESEL
MH-46-TRK-0471,4007,GATEWAY_LOG,CNG
MH-46-TRK-0472,4024,CONTRANS,DIESEL
MH-46-TRK-0473,4041,GATEWAY_LOG,DIESEL
MH-46-TRK-0474,4058,CONTRANS,CNG
MH-46-TRK-0475,4075,GATEWAY_LOG,DIESEL
MH-46-TRK-0476,4092,CONTRANS,DIESEL
MH-46-TRK-0477,4109,GATEWAY_LOG,CNG
MH-46-TRK-0478,4126,CONTRANS,DIESEL
MH-46-TRK-0479,4143,GATEWAY_LOG,DIESEL
MH-46-TRK-0480,4160,CONTRANS,CNG
MH-46-TRK-0481,4177,GATEWAY_LOG,DIESEL
MH-46-TRK-0482,4194,CONTRANS,DIESEL
MH-46-TRK-0483,4211,GATEWAY_LOG,CNG
MH-46-TRK-0484,4228,CONTRANS,DIESEL
MH-46-TRK-0485,4245,GATEWAY_LOG,DIESEL
MH-46-TRK-0486,4262,CONTRANS,CNG
MH-46-TRK-0487,4279,GATEWAY_LOG,DIESEL
MH-46-TRK-0488,4296,CONTRANS,DIESEL
MH-46-TRK-0489,4313,GATEWAY_LOG,CNG
MH-46-TRK-0490,4330,CONTRANS,DIESEL
MH-46-TRK-0491,4347,GATEWAY_LOG,DIESEL
MH-46-TRK-0492,4364,CONTRANS,CNG
MH-46-TRK-0493,4381,GATEWAY_LOG,DIESEL
MH-46-TRK-0494,4398,CONTRANS,DIESEL
MH-46-TRK-0495,4415,GATEWAY_LOG,CNG
MH-46-TRK-0496,4432,CONTRANS,DIESEL
MH-46-TRK-0497,4449,GATEWAY_LOG,DIESEL
MH-46-TRK-0498,4466,CONTRANS,CNG
MH-46-TRK-0499,4483,GATEWAY_LOG,DIESEL
MH-46-TRK-0500,4500,CONTRANS,DIESEL
MH-46-TRK-0501,4517,GATEWAY_LOG,CNG
MH-46-TRK-0502,4534,CONTRANS,DIESEL
MH-46-TRK-0503,4551,GATEWAY_LOG,DIESEL
MH-46-TRK-0504,4568,CONTRANS,CNG
MH-46-TRK-0505,4585,GATEWAY_LOG,DIESEL
MH-46-TRK-0506,4602,CONTRANS,DIESEL
MH-46-TRK-0507,4619,GATEWAY_LOG,CNG
MH-46-TRK-0508,4636,CONTRANS,DIESEL
MH-46-TRK-0509,4653,GATEWAY_LOG,DIESEL
MH-46-TRK-0510,4670,CONTRANS,CNG
MH-46-TRK-0511,4687,GATEWAY_LOG,DIESEL
MH-46-TRK-0512,4704,CONTRANS,DIESEL
MH-46-TRK-0513,4721,GATEWAY_LOG,CNG
MH-46-TRK-0514,4738,CONTRANS,DIESEL
MH-46-TRK-0515,4755,GATEWAY_LOG,DIESEL
MH-46-TRK-0516,4772,CONTRANS,CNG
MH-46-TRK-0517,4789,GATEWAY_LOG,DIESEL
MH-46-TRK-0518,4806,CONTRANS,DIESEL
MH-46-TRK-0519,4823,GATEWAY_LOG,CNG
MH-46-TRK-0520,4840,CONTRANS,DIESEL
MH-46-TRK-0521,4857,GATEWAY_LOG,DIESEL
MH-46-TRK-0522,4874,CONTRANS,CNG
MH-46-TRK-0523,4891,GATEWAY_LOG,DIESEL
MH-46-TRK-0524,4908,CONTRANS,DIESEL
MH-46-TRK-0525,4925,GATEWAY_LOG,CNG
MH-46-TRK-0526,4942,CONTRANS,DIESEL
MH-46-TRK-0527,4959,GATEWAY_LOG,DIESEL
MH-46-TRK-0528,4976,CONTRANS,CNG
MH-46-TRK-0529,4993,GATEWAY_LOG,DIESEL
MH-46-TRK-0530,4010,CONTRANS,DIESEL
MH-46-TRK-0531,4027,GATEWAY_LOG,CNG
MH-46-TRK-0532,4044,CONTRANS,DIESEL
MH-46-TRK-0533,4061,GATEWAY_LOG,DIESEL
MH-46-TRK-0534,4078,CONTRANS,CNG
MH-46-TRK-0535,4095,GATEWAY_LOG,DIESEL
MH-46-TRK-0536,4112,CONTRANS,DIESEL
MH-46-TRK-0537,4129,GATEWAY_LOG,CNG
MH-46-TRK-0538,4146,CONTRANS,DIESEL
MH-46-TRK-0539,4163,GATEWAY_LOG,DIESEL
MH-46-TRK-0540,4180,CONTRANS,CNG
MH-46-TRK-0541,4197,GATEWAY_LOG,DIESEL
MH-46-TRK-0542,4214,CONTRANS,DIESEL
MH-46-TRK-0543,4231,GATEWAY_LOG,CNG
MH-46-TRK-0544,4248,CONTRANS,DIESEL
MH-46-TRK-0545,4265,GATEWAY_LOG,DIESEL
MH-46-TRK-0546,4282,CONTRANS,CNG
MH-46-TRK-0547,4299,GATEWAY_LOG,DIESEL
MH-46-TRK-0548,4316,CONTRANS,DIESEL
MH-46-TRK-0549,4333,GATEWAY_LOG,CNG
MH-46-TRK-0550,4350,CONTRANS,DIESEL
MH-46-TRK-0551,4367,GATEWAY_LOG,DIESEL
MH-46-TRK-0552,4384,CONTRANS,CNG
MH-46-TRK-0553,4401,GATEWAY_LOG,DIESEL
MH-46-TRK-0554,4418,CONTRANS,DIESEL
MH-46-TRK-0555,4435,GATEWAY_LOG,CNG
MH-46-TRK-0556,4452,CONTRANS,DIESEL
MH-46-TRK-0557,4469,GATEWAY_LOG,DIESEL
MH-46-TRK-0558,4486,CONTRANS,CNG
MH-46-TRK-0559,4503,GATEWAY_LOG,DIESEL
MH-46-TRK-0560,4520,CONTRANS,DIESEL
MH-46-TRK-0561,4537,GATEWAY_LOG,CNG
MH-46-TRK-0562,4554,CONTRANS,DIESEL
MH-46-TRK-0563,4571,GATEWAY_LOG,DIESEL
MH-46-TRK-0564,4588,CONTRANS,CNG
MH-46-TRK-0565,4605,GATEWAY_LOG,DIESEL
MH-46-TRK-0566,4622,CONTRANS,DIESEL
MH-46-TRK-0567,4639,GATEWAY_LOG,CNG
MH-46-TRK-0568,4656,CONTRANS,DIESEL
MH-46-TRK-0569,4673,GATEWAY_LOG,DIESEL
MH-46-TRK-0570,4690,CONTRANS,CNG
MH-46-TRK-0571,4707,GATEWAY_LOG,DIESEL
MH-46-TRK-0572,4724,CONTRANS,DIESEL
MH-46-TRK-0573,4741,GATEWAY_LOG,CNG
MH-46-TRK-0574,4758,CONTRANS,DIESEL
MH-46-TRK-0575,4775,GATEWAY_LOG,DIESEL
MH-46-TRK-0576,4792,CONTRANS,CNG
MH-46-TRK-0577,4809,GATEWAY_LOG,DIESEL
MH-46-TRK-0578,4826,CONTRANS,DIESEL
MH-46-TRK-0579,4843,GATEWAY_LOG,CNG
MH-46-TRK-0580,4860,CONTRANS,DIESEL
MH-46-TRK-0581,4877,GATEWAY_LOG,DIESEL
MH-46-TRK-0582,4894,CONTRANS,CNG
MH-46-TRK-0583,4911,GATEWAY_LOG,DIESEL
MH-46-TRK-0584,4928,CONTRANS,DIESEL
MH-46-TRK-0585,4945,GATEWAY_LOG,CNG
MH-46-TRK-0586,4962,CONTRANS,DIESEL
MH-46-TRK-0587,4979,GATEWAY_LOG,DIESEL
MH-46-TRK-0588,4996,CONTRANS,CNG
MH-46-TRK-0589,4013,GATEWAY_LOG,DIESEL
MH-46-TRK-0590,4030,CONTRANS,DIESEL
MH-46-TRK-0591,4047,GATEWAY_LOG,CNG
MH-46-TRK-0592,4064,CONTRANS,DIESEL
MH-46-TRK-0593,4081,GATEWAY_LOG,DIESEL
MH-46-TRK-0594,4098,CONTRANS,CNG
MH-46-TRK-0595,4115,GATEWAY_LOG,DIESEL
MH-46-TRK-0596,4132,CONTRANS,DIESEL
MH-46-TRK-0597,4149,GATEWAY_LOG,CNG
MH-46-TRK-0598,4166,CONTRANS,DIESEL
MH-46-TRK-0599,4183,GATEWAY_LOG,DIESEL
MH-46-TRK-0600,4200,CONTRANS,CNG
MH-46-TRK-0601,4217,GATEWAY_LOG,DIESEL
MH-46-TRK-0602,4234,CONTRANS,DIESEL
MH-46-TRK-0603,4251,GATEWAY_LOG,CNG
MH-46-TRK-0604,4268,CONTRANS,DIESEL
MH-46-TRK-0605,4285,GATEWAY_LOG,DIESEL
MH-46-TRK-0606,4302,CONTRANS,CNG
MH-46-TRK-0607,4319,GATEWAY_LOG,DIESEL
MH-46-TRK-0608,4336,CONTRANS,DIESEL
MH-46-TRK-0609,4353,GATEWAY_LOG,CNG
MH-46-TRK-0610,4370,CONTRANS,DIESEL
MH-46-TRK-0611,4387,GATEWAY_LOG,DIESEL
MH-46-TRK-0612,4404,CONTRANS,CNG
MH-46-TRK-0613,4421,GATEWAY_LOG,DIESEL
MH-46-TRK-0614,4438,CONTRANS,DIESEL
MH-46-TRK-0615,4455,GATEWAY_LOG,CNG
MH-46-TRK-0616,4472,CONTRANS,DIESEL
MH-46-TRK-0617,4489,GATEWAY_LOG,DIESEL
MH-46-TRK-0618,4506,CONTRANS,CNG
MH-46-TRK-0619,4523,GATEWAY_LOG,DIESEL
MH-46-TRK-0620,4540,CONTRANS,DIESEL
MH-46-TRK-0621,4557,GATEWAY_LOG,CNG
MH-46-TRK-0622,4574,CONTRANS,DIESEL
MH-46-TRK-0623,4591,GATEWAY_LOG,DIESEL
MH-46-TRK-0624,4608,CONTRANS,CNG
MH-46-TRK-0625,4625,GATEWAY_LOG,DIESEL
MH-46-TRK-0626,4642,CONTRANS,DIESEL
MH-46-TRK-0627,4659,GATEWAY_LOG,CNG
MH-46-TRK-0628,4676,CONTRANS,DIESEL
MH-46-TRK-0629,4693,GATEWAY_LOG,DIESEL
MH-46-TRK-0630,4710,CONTRANS,CNG
MH-46-TRK-0631,4727,GATEWAY_LOG,DIESEL
MH-46-TRK-0632,4744,CONTRANS,DIESEL
MH-46-TRK-0633,4761,GATEWAY_LOG,CNG
MH-46-TRK-0634,4778,CONTRANS,DIESEL
MH-46-TRK-0635,4795,GATEWAY_LOG,DIESEL
MH-46-TRK-0636,4812,CONTRANS,CNG
MH-46-TRK-0637,4829,GATEWAY_LOG,DIESEL
MH-46-TRK-0638,4846,CONTRANS,DIESEL
MH-46-TRK-0639,4863,GATEWAY_LOG,CNG
MH-46-TRK-0640,4880,CONTRANS,DIESEL
MH-46-TRK-0641,4897,GATEWAY_LOG,DIESEL
MH-46-TRK-0642,4914,CONTRANS,CNG
MH-46-TRK-0643,4931,GATEWAY_LOG,DIESEL
MH-46-TRK-0644,4948,CONTRANS,DIESEL
MH-46-TRK-0645,4965,GATEWAY_LOG,CNG
MH-46-TRK-0646,4982,CONTRANS,DIESEL
MH-46-TRK-0647,4999,GATEWAY_LOG,DIESEL
MH-46-TRK-0648,4016,CONTRANS,CNG
MH-46-TRK-0649,4033,GATEWAY_LOG,DIESEL
MH-46-TRK-0650,4050,CONTRANS,DIESEL
MH-46-TRK-0651,4067,GATEWAY_LOG,CNG
MH-46-TRK-0652,4084,CONTRANS,DIESEL
MH-46-TRK-0653,4101,GATEWAY_LOG,DIESEL
MH-46-TRK-0654,4118,CONTRANS,CNG
MH-46-TRK-0655,4135,GATEWAY_LOG,DIESEL
MH-46-TRK-0656,4152,CONTRANS,DIESEL
MH-46-TRK-0657,4169,GATEWAY_LOG,CNG
MH-46-TRK-0658,4186,CONTRANS,DIESEL
MH-46-TRK-0659,4203,GATEWAY_LOG,DIESEL
MH-46-TRK-0660,4220,CONTRANS,CNG
MH-46-TRK-0661,4237,GATEWAY_LOG,DIESEL
MH-46-TRK-0662,4254,CONTRANS,DIESEL
MH-46-TRK-0663,4271,GATEWAY_LOG,CNG
MH-46-TRK-0664,4288,CONTRANS,DIESEL
MH-46-TRK-0665,4305,GATEWAY_LOG,DIESEL
MH-46-TRK-0666,4322,CONTRANS,CNG
MH-46-TRK-0667,4339,GATEWAY_LOG,DIESEL
MH-46-TRK-0668,4356,CONTRANS,DIESEL
MH-46-TRK-0669,4373,GATEWAY_LOG,CNG
MH-46-TRK-0670,4390,CONTRANS,DIESEL
MH-46-TRK-0671,4407,GATEWAY_LOG,DIESEL
MH-46-TRK-0672,4424,CONTRANS,CNG
MH-46-TRK-0673,4441,GATEWAY_LOG,DIESEL
MH-46-TRK-0674,4458,CONTRANS,DIESEL
MH-46-TRK-0675,4475,GATEWAY_LOG,CNG
MH-46-TRK-0676,4492,CONTRANS,DIESEL
MH-46-TRK-0677,4509,GATEWAY_LOG,DIESEL
MH-46-TRK-0678,4526,CONTRANS,CNG
MH-46-TRK-0679,4543,GATEWAY_LOG,DIESEL
MH-46-TRK-0680,4560,CONTRANS,DIESEL
MH-46-TRK-0681,4577,GATEWAY_LOG,CNG
MH-46-TRK-0682,4594,CONTRANS,DIESEL
MH-46-TRK-0683,4611,GATEWAY_LOG,DIESEL
MH-46-TRK-0684,4628,CONTRANS,CNG
MH-46-TRK-0685,4645,GATEWAY_LOG,DIESEL
MH-46-TRK-0686,4662,CONTRANS,DIESEL
MH-46-TRK-0687,4679,GATEWAY_LOG,CNG
MH-46-TRK-0688,4696,CONTRANS,DIESEL
MH-46-TRK-0689,4713,GATEWAY_LOG,DIESEL
MH-46-TRK-0690,4730,CONTRANS,CNG
MH-46-TRK-0691,4747,GATEWAY_LOG,DIESEL
MH-46-TRK-0692,4764,CONTRANS,DIESEL
MH-46-TRK-0693,4781,GATEWAY_LOG,CNG
MH-46-TRK-0694,4798,CONTRANS,DIESEL
MH-46-TRK-0695,4815,GATEWAY_LOG,DIESEL
MH-46-TRK-0696,4832,CONTRANS,CNG
MH-46-TRK-0697,4849,GATEWAY_LOG,DIESEL
MH-46-TRK-0698,4866,CONTRANS,DIESEL
MH-46-TRK-0699,4883,GATEWAY_LOG,CNG
MH-46-TRK-0700,4900,CONTRANS,DIESEL
MH-46-TRK-0701,4917,GATEWAY_LOG,DIESEL
MH-46-TRK-0702,4934,CONTRANS,CNG
MH-46-TRK-0703,4951,GATEWAY_LOG,DIESEL
MH-46-TRK-0704,4968,CONTRANS,DIESEL
MH-46-TRK-0705,4985,GATEWAY_LOG,CNG
MH-46-TRK-0706,4002,CONTRANS,DIESEL
MH-46-TRK-0707,4019,GATEWAY_LOG,DIESEL
MH-46-TRK-0708,4036,CONTRANS,CNG
MH-46-TRK-0709,4053,GATEWAY_LOG,DIESEL
MH-46-TRK-0710,4070,CONTRANS,DIESEL
MH-46-TRK-0711,4087,GATEWAY_LOG,CNG
MH-46-TRK-0712,4104,CONTRANS,DIESEL
MH-46-TRK-0713,4121,GATEWAY_LOG,DIESEL
MH-46-TRK-0714,4138,CONTRANS,CNG
MH-46-TRK-0715,4155,GATEWAY_LOG,DIESEL
MH-46-TRK-0716,4172,CONTRANS,DIESEL
MH-46-TRK-0717,4189,GATEWAY_LOG,CNG
MH-46-TRK-0718,4206,CONTRANS,DIESEL
MH-46-TRK-0719,4223,GATEWAY_LOG,DIESEL
MH-46-TRK-0720,4240,CONTRANS,CNG
MH-46-TRK-0721,4257,GATEWAY_LOG,DIESEL
MH-46-TRK-0722,4274,CONTRANS,DIESEL
MH-46-TRK-0723,4291,GATEWAY_LOG,CNG
MH-46-TRK-0724,4308,CONTRANS,DIESEL
MH-46-TRK-0725,4325,GATEWAY_LOG,DIESEL
MH-46-TRK-0726,4342,CONTRANS,CNG
MH-46-TRK-0727,4359,GATEWAY_LOG,DIESEL
MH-46-TRK-0728,4376,CONTRANS,DIESEL
MH-46-TRK-0729,4393,GATEWAY_LOG,CNG
MH-46-TRK-0730,4410,CONTRANS,DIESEL
MH-46-TRK-0731,4427,GATEWAY_LOG,DIESEL
MH-46-TRK-0732,4444,CONTRANS,CNG
MH-46-TRK-0733,4461,GATEWAY_LOG,DIESEL
MH-46-TRK-0734,4478,CONTRANS,DIESEL
MH-46-TRK-0735,4495,GATEWAY_LOG,CNG
MH-46-TRK-0736,4512,CONTRANS,DIESEL
MH-46-TRK-0737,4529,GATEWAY_LOG,DIESEL
MH-46-TRK-0738,4546,CONTRANS,CNG
MH-46-TRK-0739,4563,GATEWAY_LOG,DIESEL
MH-46-TRK-0740,4580,CONTRANS,DIESEL
MH-46-TRK-0741,4597,GATEWAY_LOG,CNG
MH-46-TRK-0742,4614,CONTRANS,DIESEL
MH-46-TRK-0743,4631,GATEWAY_LOG,DIESEL
MH-46-TRK-0744,4648,CONTRANS,CNG
MH-46-TRK-0745,4665,GATEWAY_LOG,DIESEL
MH-46-TRK-0746,4682,CONTRANS,DIESEL
MH-46-TRK-0747,4699,GATEWAY_LOG,CNG
MH-46-TRK-0748,4716,CONTRANS,DIESEL
MH-46-TRK-0749,4733,GATEWAY_LOG,DIESEL
MH-46-TRK-0750,4750,CONTRANS,CNG
MH-46-TRK-0751,4767,GATEWAY_LOG,DIESEL
MH-46-TRK-0752,4784,CONTRANS,DIESEL
MH-46-TRK-0753,4801,GATEWAY_LOG,CNG
MH-46-TRK-0754,4818,CONTRANS,DIESEL
MH-46-TRK-0755,4835,GATEWAY_LOG,DIESEL
MH-46-TRK-0756,4852,CONTRANS,CNG
MH-46-TRK-0757,4869,GATEWAY_LOG,DIESEL
MH-46-TRK-0758,4886,CONTRANS,DIESEL
MH-46-TRK-0759,4903,GATEWAY_LOG,CNG
MH-46-TRK-0760,4920,CONTRANS,DIESEL
MH-46-TRK-0761,4937,GATEWAY_LOG,DIESEL
MH-46-TRK-0762,4954,CONTRANS,CNG
MH-46-TRK-0763,4971,GATEWAY_LOG,DIESEL
MH-46-TRK-0764,4988,CONTRANS,DIESEL
MH-46-TRK-0765,4005,GATEWAY_LOG,CNG
MH-46-TRK-0766,4022,CONTRANS,DIESEL
MH-46-TRK-0767,4039,GATEWAY_LOG,DIESEL
MH-46-TRK-0768,4056,CONTRANS,CNG
MH-46-TRK-0769,4073,GATEWAY_LOG,DIESEL
MH-46-TRK-0770,4090,CONTRANS,DIESEL
MH-46-TRK-0771,4107,GATEWAY_LOG,CNG
MH-46-TRK-0772,4124,CONTRANS,DIESEL
MH-46-TRK-0773,4141,GATEWAY_LOG,DIESEL
MH-46-TRK-0774,4158,CONTRANS,CNG
MH-46-TRK-0775,4175,GATEWAY_LOG,DIESEL
MH-46-TRK-0776,4192,CONTRANS,DIESEL
MH-46-TRK-0777,4209,GATEWAY_LOG,CNG
MH-46-TRK-0778,4226,CONTRANS,DIESEL
MH-46-TRK-0779,4243,GATEWAY_LOG,DIESEL
MH-46-TRK-0780,4260,CONTRANS,CNG
MH-46-TRK-0781,4277,GATEWAY_LOG,DIESEL
MH-46-TRK-0782,4294,CONTRANS,DIESEL
MH-46-TRK-0783,4311,GATEWAY_LOG,CNG
MH-46-TRK-0784,4328,CONTRANS,DIESEL
MH-46-TRK-0785,4345,GATEWAY_LOG,DIESEL
MH-46-TRK-0786,4362,CONTRANS,CNG
MH-46-TRK-0787,4379,GATEWAY_LOG,DIESEL
MH-46-TRK-0788,4396,CONTRANS,DIESEL
MH-46-TRK-0789,4413,GATEWAY_LOG,CNG
MH-46-TRK-0790,4430,CONTRANS,DIESEL
MH-46-TRK-0791,4447,GATEWAY_LOG,DIESEL
MH-46-TRK-0792,4464,CONTRANS,CNG
MH-46-TRK-0793,4481,GATEWAY_LOG,DIESEL
MH-46-TRK-0794,4498,CONTRANS,DIESEL
MH-46-TRK-0795,4515,GATEWAY_LOG,CNG
MH-46-TRK-0796,4532,CONTRANS,DIESEL
MH-46-TRK-0797,4549,GATEWAY_LOG,DIESEL
MH-46-TRK-0798,4566,CONTRANS,CNG
MH-46-TRK-0799,4583,GATEWAY_LOG,DIESEL
MH-46-TRK-0800,4600,CONTRANS,DIESEL
MH-46-TRK-0801,4617,GATEWAY_LOG,CNG
MH-46-TRK-0802,4634,CONTRANS,DIESEL
MH-46-TRK-0803,4651,GATEWAY_LOG,DIESEL
MH-46-TRK-0804,4668,CONTRANS,CNG
MH-46-TRK-0805,4685,GATEWAY_LOG,DIESEL
MH-46-TRK-0806,4702,CONTRANS,DIESEL
MH-46-TRK-0807,4719,GATEWAY_LOG,CNG
MH-46-TRK-0808,4736,CONTRANS,DIESEL
MH-46-TRK-0809,4753,GATEWAY_LOG,DIESEL
MH-46-TRK-0810,4770,CONTRANS,CNG
MH-46-TRK-0811,4787,GATEWAY_LOG,DIESEL
MH-46-TRK-0812,4804,CONTRANS,DIESEL
MH-46-TRK-0813,4821,GATEWAY_LOG,CNG
MH-46-TRK-0814,4838,CONTRANS,DIESEL
MH-46-TRK-0815,4855,GATEWAY_LOG,DIESEL
MH-46-TRK-0816,4872,CONTRANS,CNG
MH-46-TRK-0817,4889,GATEWAY_LOG,DIESEL
MH-46-TRK-0818,4906,CONTRANS,DIESEL
MH-46-TRK-0819,4923,GATEWAY_LOG,CNG
MH-46-TRK-0820,4940,CONTRANS,DIESEL
MH-46-TRK-0821,4957,GATEWAY_LOG,DIESEL
MH-46-TRK-0822,4974,CONTRANS,CNG
MH-46-TRK-0823,4991,GATEWAY_LOG,DIESEL
MH-46-TRK-0824,4008,CONTRANS,DIESEL
MH-46-TRK-0825,4025,GATEWAY_LOG,CNG
MH-46-TRK-0826,4042,CONTRANS,DIESEL
MH-46-TRK-0827,4059,GATEWAY_LOG,DIESEL
MH-46-TRK-0828,4076,CONTRANS,CNG
MH-46-TRK-0829,4093,GATEWAY_LOG,DIESEL
MH-46-TRK-0830,4110,CONTRANS,DIESEL
MH-46-TRK-0831,4127,GATEWAY_LOG,CNG
MH-46-TRK-0832,4144,CONTRANS,DIESEL
MH-46-TRK-0833,4161,GATEWAY_LOG,DIESEL
MH-46-TRK-0834,4178,CONTRANS,CNG
MH-46-TRK-0835,4195,GATEWAY_LOG,DIESEL
MH-46-TRK-0836,4212,CONTRANS,DIESEL
MH-46-TRK-0837,4229,GATEWAY_LOG,CNG
MH-46-TRK-0838,4246,CONTRANS,DIESEL
MH-46-TRK-0839,4263,GATEWAY_LOG,DIESEL
MH-46-TRK-0840,4280,CONTRANS,CNG
MH-46-TRK-0841,4297,GATEWAY_LOG,DIESEL
MH-46-TRK-0842,4314,CONTRANS,DIESEL
MH-46-TRK-0843,4331,GATEWAY_LOG,CNG
MH-46-TRK-0844,4348,CONTRANS,DIESEL
MH-46-TRK-0845,4365,GATEWAY_LOG,DIESEL
MH-46-TRK-0846,4382,CONTRANS,CNG
MH-46-TRK-0847,4399,GATEWAY_LOG,DIESEL
MH-46-TRK-0848,4416,CONTRANS,DIESEL
MH-46-TRK-0849,4433,GATEWAY_LOG,CNG
MH-46-TRK-0850,4450,CONTRANS,DIESEL
MH-46-TRK-0851,4467,GATEWAY_LOG,DIESEL
MH-46-TRK-0852,4484,CONTRANS,CNG
MH-46-TRK-0853,4501,GATEWAY_LOG,DIESEL
MH-46-TRK-0854,4518,CONTRANS,DIESEL
MH-46-TRK-0855,4535,GATEWAY_LOG,CNG
MH-46-TRK-0856,4552,CONTRANS,DIESEL
MH-46-TRK-0857,4569,GATEWAY_LOG,DIESEL
MH-46-TRK-0858,4586,CONTRANS,CNG
MH-46-TRK-0859,4603,GATEWAY_LOG,DIESEL
MH-46-TRK-0860,4620,CONTRANS,DIESEL
MH-46-TRK-0861,4637,GATEWAY_LOG,CNG
MH-46-TRK-0862,4654,CONTRANS,DIESEL
MH-46-TRK-0863,4671,GATEWAY_LOG,DIESEL
MH-46-TRK-0864,4688,CONTRANS,CNG
MH-46-TRK-0865,4705,GATEWAY_LOG,DIESEL
MH-46-TRK-0866,4722,CONTRANS,DIESEL
MH-46-TRK-0867,4739,GATEWAY_LOG,CNG
MH-46-TRK-0868,4756,CONTRANS,DIESEL
MH-46-TRK-0869,4773,GATEWAY_LOG,DIESEL
MH-46-TRK-0870,4790,CONTRANS,CNG
MH-46-TRK-0871,4807,GATEWAY_LOG,DIESEL
MH-46-TRK-0872,4824,CONTRANS,DIESEL
MH-46-TRK-0873,4841,GATEWAY_LOG,CNG
MH-46-TRK-0874,4858,CONTRANS,DIESEL
MH-46-TRK-0875,4875,GATEWAY_LOG,DIESEL
MH-46-TRK-0876,4892,CONTRANS,CNG
MH-46-TRK-0877,4909,GATEWAY_LOG,DIESEL
MH-46-TRK-0878,4926,CONTRANS,DIESEL
MH-46-TRK-0879,4943,GATEWAY_LOG,CNG
MH-46-TRK-0880,4960,CONTRANS,DIESEL
MH-46-TRK-0881,4977,GATEWAY_LOG,DIESEL
MH-46-TRK-0882,4994,CONTRANS,CNG
MH-46-TRK-0883,4011,GATEWAY_LOG,DIESEL
MH-46-TRK-0884,4028,CONTRANS,DIESEL
MH-46-TRK-0885,4045,GATEWAY_LOG,CNG
MH-46-TRK-0886,4062,CONTRANS,DIESEL
MH-46-TRK-0887,4079,GATEWAY_LOG,DIESEL
MH-46-TRK-0888,4096,CONTRANS,CNG
MH-46-TRK-0889,4113,GATEWAY_LOG,DIESEL
MH-46-TRK-0890,4130,CONTRANS,DIESEL
MH-46-TRK-0891,4147,GATEWAY_LOG,CNG
MH-46-TRK-0892,4164,CONTRANS,DIESEL
MH-46-TRK-0893,4181,GATEWAY_LOG,DIESEL
MH-46-TRK-0894,4198,CONTRANS,CNG
MH-46-TRK-0895,4215,GATEWAY_LOG,DIESEL
MH-46-TRK-0896,4232,CONTRANS,DIESEL
MH-46-TRK-0897,4249,GATEWAY_LOG,CNG
MH-46-TRK-0898,4266,CONTRANS,DIESEL
MH-46-TRK-0899,4283,GATEWAY_LOG,DIESEL
MH-46-TRK-0900,4300,CONTRANS,CNG
MH-46-TRK-0901,4317,GATEWAY_LOG,DIESEL
MH-46-TRK-0902,4334,CONTRANS,DIESEL
MH-46-TRK-0903,4351,GATEWAY_LOG,CNG
MH-46-TRK-0904,4368,CONTRANS,DIESEL
MH-46-TRK-0905,4385,GATEWAY_LOG,DIESEL
MH-46-TRK-0906,4402,CONTRANS,CNG
MH-46-TRK-0907,4419,GATEWAY_LOG,DIESEL
MH-46-TRK-0908,4436,CONTRANS,DIESEL
MH-46-TRK-0909,4453,GATEWAY_LOG,CNG
MH-46-TRK-0910,4470,CONTRANS,DIESEL
MH-46-TRK-0911,4487,GATEWAY_LOG,DIESEL
MH-46-TRK-0912,4504,CONTRANS,CNG
MH-46-TRK-0913,4521,GATEWAY_LOG,DIESEL
MH-46-TRK-0914,4538,CONTRANS,DIESEL
MH-46-TRK-0915,4555,GATEWAY_LOG,CNG
MH-46-TRK-0916,4572,CONTRANS,DIESEL
MH-46-TRK-0917,4589,GATEWAY_LOG,DIESEL
MH-46-TRK-0918,4606,CONTRANS,CNG
MH-46-TRK-0919,4623,GATEWAY_LOG,DIESEL
MH-46-TRK-0920,4640,CONTRANS,DIESEL
MH-46-TRK-0921,4657,GATEWAY_LOG,CNG
MH-46-TRK-0922,4674,CONTRANS,DIESEL
MH-46-TRK-0923,4691,GATEWAY_LOG,DIESEL
MH-46-TRK-0924,4708,CONTRANS,CNG
MH-46-TRK-0925,4725,GATEWAY_LOG,DIESEL
MH-46-TRK-0926,4742,CONTRANS,DIESEL
MH-46-TRK-0927,4759,GATEWAY_LOG,CNG
MH-46-TRK-0928,4776,CONTRANS,DIESEL
MH-46-TRK-0929,4793,GATEWAY_LOG,DIESEL
MH-46-TRK-0930,4810,CONTRANS,CNG
MH-46-TRK-0931,4827,GATEWAY_LOG,DIESEL
MH-46-TRK-0932,4844,CONTRANS,DIESEL
MH-46-TRK-0933,4861,GATEWAY_LOG,CNG
MH-46-TRK-0934,4878,CONTRANS,DIESEL
MH-46-TRK-0935,4895,GATEWAY_LOG,DIESEL
MH-46-TRK-0936,4912,CONTRANS,CNG
MH-46-TRK-0937,4929,GATEWAY_LOG,DIESEL
MH-46-TRK-0938,4946,CONTRANS,DIESEL
MH-46-TRK-0939,4963,GATEWAY_LOG,CNG
MH-46-TRK-0940,4980,CONTRANS,DIESEL
MH-46-TRK-0941,4997,GATEWAY_LOG,DIESEL
MH-46-TRK-0942,4014,CONTRANS,CNG
MH-46-TRK-0943,4031,GATEWAY_LOG,DIESEL
MH-46-TRK-0944,4048,CONTRANS,DIESEL
MH-46-TRK-0945,4065,GATEWAY_LOG,CNG
MH-46-TRK-0946,4082,CONTRANS,DIESEL
MH-46-TRK-0947,4099,GATEWAY_LOG,DIESEL
MH-46-TRK-0948,4116,CONTRANS,CNG
MH-46-TRK-0949,4133,GATEWAY_LOG,DIESEL
MH-46-TRK-0950,4150,CONTRANS,DIESEL
MH-46-TRK-0951,4167,GATEWAY_LOG,CNG
MH-46-TRK-0952,4184,CONTRANS,DIESEL
MH-46-TRK-0953,4201,GATEWAY_LOG,DIESEL
MH-46-TRK-0954,4218,CONTRANS,CNG
MH-46-TRK-0955,4235,GATEWAY_LOG,DIESEL
MH-46-TRK-0956,4252,CONTRANS,DIESEL
MH-46-TRK-0957,4269,GATEWAY_LOG,CNG
MH-46-TRK-0958,4286,CONTRANS,DIESEL
MH-46-TRK-0959,4303,GATEWAY_LOG,DIESEL
MH-46-TRK-0960,4320,CONTRANS,CNG
MH-46-TRK-0961,4337,GATEWAY_LOG,DIESEL
MH-46-TRK-0962,4354,CONTRANS,DIESEL
MH-46-TRK-0963,4371,GATEWAY_LOG,CNG
MH-46-TRK-0964,4388,CONTRANS,DIESEL
MH-46-TRK-0965,4405,GATEWAY_LOG,DIESEL
MH-46-TRK-0966,4422,CONTRANS,CNG
MH-46-TRK-0967,4439,GATEWAY_LOG,DIESEL
MH-46-TRK-0968,4456,CONTRANS,DIESEL
MH-46-TRK-0969,4473,GATEWAY_LOG,CNG
MH-46-TRK-0970,4490,CONTRANS,DIESEL
MH-46-TRK-0971,4507,GATEWAY_LOG,DIESEL
MH-46-TRK-0972,4524,CONTRANS,CNG
MH-46-TRK-0973,4541,GATEWAY_LOG,DIESEL
MH-46-TRK-0974,4558,CONTRANS,DIESEL
MH-46-TRK-0975,4575,GATEWAY_LOG,CNG
MH-46-TRK-0976,4592,CONTRANS,DIESEL
MH-46-TRK-0977,4609,GATEWAY_LOG,DIESEL
MH-46-TRK-0978,4626,CONTRANS,CNG
MH-46-TRK-0979,4643,GATEWAY_LOG,DIESEL
MH-46-TRK-0980,4660,CONTRANS,DIESEL
MH-46-TRK-0981,4677,GATEWAY_LOG,CNG
MH-46-TRK-0982,4694,CONTRANS,DIESEL
MH-46-TRK-0983,4711,GATEWAY_LOG,DIESEL
MH-46-TRK-0984,4728,CONTRANS,CNG
MH-46-TRK-0985,4745,GATEWAY_LOG,DIESEL
MH-46-TRK-0986,4762,CONTRANS,DIESEL
MH-46-TRK-0987,4779,GATEWAY_LOG,CNG
MH-46-TRK-0988,4796,CONTRANS,DIESEL
MH-46-TRK-0989,4813,GATEWAY_LOG,DIESEL
MH-46-TRK-0990,4830,CONTRANS,CNG
MH-46-TRK-0991,4847,GATEWAY_LOG,DIESEL
MH-46-TRK-0992,4864,CONTRANS,DIESEL
MH-46-TRK-0993,4881,GATEWAY_LOG,CNG
MH-46-TRK-0994,4898,CONTRANS,DIESEL
MH-46-TRK-0995,4915,GATEWAY_LOG,DIESEL
MH-46-TRK-0996,4932,CONTRANS,CNG
MH-46-TRK-0997,4949,GATEWAY_LOG,DIESEL
MH-46-TRK-0998,4966,CONTRANS,DIESEL
MH-46-TRK-0999,4983,GATEWAY_LOG,CNG
MH-46-TRK-1000,4000,CONTRANS,DIESEL
